REGIAO,NOME_REGIAO,VALIDADE_INI,VALIDADE_FIN,COMPRADOR,NOME_COMPRADOR,FORNECEDOR,NM_FORNECEDOR,PRODUTO,NOME_PR,MARCA,NOME_MARCA,QTDE,VRUNI,OBS_FORNECEDOR
003,GRANDE BH,01/09/2026 00:00:00,30/09/2026 00:00:00,000000999997,HORTIFRUTI,_27540906000155,HORTIFRUTI SANTA LUZIA LTDA,_1010300100001,ACELGA KG,00001,PADRAO,,"12,99",
003,GRANDE BH,01/09/2026 00:00:00,30/09/2026 00:00:00,000000999997,HORTIFRUTI,_27540906000155,HORTIFRUTI SANTA LUZIA LTDA,_1010300100501,AGRIAO KG,00001,PADRAO,,"15,99",
003,GRANDE BH,01/09/2026 00:00:00,30/09/2026 00:00:00,000000999997,HORTIFRUTI,_27540906000155,HORTIFRUTI SANTA LUZIA LTDA,_1010300100801,ALCACHOFRA KG,00001,PADRAO,,,
003,GRANDE BH,01/09/2026 00:00:00,30/09/2026 00:00:00,000000999997,HORTIFRUTI,_27540906000155,HORTIFRUTI SANTA LUZIA LTDA,_1010300101001,ALECRIM KG,00001,PADRAO,,58,
003,GRANDE BH,01/09/2026 00:00:00,30/09/2026 00:00:00,000000999997,HORTIFRUTI,_27540906000155,HORTIFRUTI SANTA LUZIA LTDA,_1010300101002,ALECRIM 150GR MC,00001,PADRAO,,,
003,GRANDE BH,01/09/2026 00:00:00,30/09/2026 00:00:00,000000999997,HORTIFRUTI,_27540906000155,HORTIFRUTI SANTA LUZIA LTDA,_1010300101501,ALFACE AMERICANA KG,00001,PADRAO,,"12,99",
003,GRANDE BH,01/09/2026 00:00:00,30/09/2026 00:00:00,000000999997,HORTIFRUTI,_27540906000155,HORTIFRUTI SANTA LUZIA LTDA,_1010300102001,ALFACE CRESPA KG,00001,PADRAO,,"9,5",
003,GRANDE BH,01/09/2026 00:00:00,30/09/2026 00:00:00,000000999997,HORTIFRUTI,_27540906000155,HORTIFRUTI SANTA LUZIA LTDA,_1010300102501,ALFACE LISA KG,00001,PADRAO,,"9,5",
003,GRANDE BH,01/09/2026 00:00:00,30/09/2026 00:00:00,000000999997,HORTIFRUTI,_27540906000155,HORTIFRUTI SANTA LUZIA LTDA,_1010300103001,ALFACE ROMANA KG,00001,PADRAO,,,
003,GRANDE BH,01/09/2026 00:00:00,30/09/2026 00:00:00,000000999997,HORTIFRUTI,_27540906000155,HORTIFRUTI SANTA LUZIA LTDA,_1010300103501,ALFACE ROXA KG,00001,PADRAO,,"10,9",
003,GRANDE BH,01/09/2026 00:00:00,30/09/2026 00:00:00,000000999997,HORTIFRUTI,_27540906000155,HORTIFRUTI SANTA LUZIA LTDA,_1010300104001,ALHO PORO KG,00001,PADRAO,,"6,9",
003,GRANDE BH,01/09/2026 00:00:00,30/09/2026 00:00:00,000000999997,HORTIFRUTI,_27540906000155,HORTIFRUTI SANTA LUZIA LTDA,_1010300104002,ALHO PORO 100GR MC,00001,PADRAO,,,
003,GRANDE BH,01/09/2026 00:00:00,30/09/2026 00:00:00,000000999997,HORTIFRUTI,_27540906000155,HORTIFRUTI SANTA LUZIA LTDA,_1010300104501,ALMEIRAO  KG,00001,PADRAO,,"9,5",
003,GRANDE BH,01/09/2026 00:00:00,30/09/2026 00:00:00,000000999997,HORTIFRUTI,_27540906000155,HORTIFRUTI SANTA LUZIA LTDA,_1010300105001,CATALONHA KG,00001,PADRAO,,,
003,GRANDE BH,01/09/2026 00:00:00,30/09/2026 00:00:00,000000999997,HORTIFRUTI,_27540906000155,HORTIFRUTI SANTA LUZIA LTDA,_1010300105101,CAPIM SANTO KG,00001,PADRAO,,,
003,GRANDE BH,01/09/2026 00:00:00,30/09/2026 00:00:00,000000999997,HORTIFRUTI,_27540906000155,HORTIFRUTI SANTA LUZIA LTDA,_1010300105501,CEBOLINHA KG,00001,PADRAO,,21,
003,GRANDE BH,01/09/2026 00:00:00,30/09/2026 00:00:00,000000999997,HORTIFRUTI,_27540906000155,HORTIFRUTI SANTA LUZIA LTDA,_1010300105502,CEBOLINHA 200GR MC,00001,PADRAO,,"2,1",
003,GRANDE BH,01/09/2026 00:00:00,30/09/2026 00:00:00,000000999997,HORTIFRUTI,_27540906000155,HORTIFRUTI SANTA LUZIA LTDA,_1010300106001,CEBOLINHA 300GR UN,00001,PADRAO,,"2,1",
003,GRANDE BH,01/09/2026 00:00:00,30/09/2026 00:00:00,000000999997,HORTIFRUTI,_27540906000155,HORTIFRUTI SANTA LUZIA LTDA,_1010300106501,CHEIRO VERDE KG,00001,PADRAO,,25,
003,GRANDE BH,01/09/2026 00:00:00,30/09/2026 00:00:00,000000999997,HORTIFRUTI,_27540906000155,HORTIFRUTI SANTA LUZIA LTDA,_1010300106502,CHEIRO VERDE 300GR MC,00001,PADRAO,,"2,49",
003,GRANDE BH,01/09/2026 00:00:00,30/09/2026 00:00:00,000000999997,HORTIFRUTI,_27540906000155,HORTIFRUTI SANTA LUZIA LTDA,_1010300107001,CHICORIA KG,00001,PADRAO,,,
003,GRANDE BH,01/09/2026 00:00:00,30/09/2026 00:00:00,000000999997,HORTIFRUTI,_27540906000155,HORTIFRUTI SANTA LUZIA LTDA,_1010300107501,COENTRO KG,00001,PADRAO,,"24,9",
003,GRANDE BH,01/09/2026 00:00:00,30/09/2026 00:00:00,000000999997,HORTIFRUTI,_27540906000155,HORTIFRUTI SANTA LUZIA LTDA,_1010300107502,COENTRO 300GR MC,00001,PADRAO,,"2,5",
003,GRANDE BH,01/09/2026 00:00:00,30/09/2026 00:00:00,000000999997,HORTIFRUTI,_27540906000155,HORTIFRUTI SANTA LUZIA LTDA,_1010300108001,COENTRO UN,00001,PADRAO,,"2,5",
003,GRANDE BH,01/09/2026 00:00:00,30/09/2026 00:00:00,000000999997,HORTIFRUTI,_27540906000155,HORTIFRUTI SANTA LUZIA LTDA,_1010300108501,COUVE MANTEIGA KG,00001,PADRAO,,"12,99",
003,GRANDE BH,01/09/2026 00:00:00,30/09/2026 00:00:00,000000999997,HORTIFRUTI,_27540906000155,HORTIFRUTI SANTA LUZIA LTDA,_1010300108901,ENDRO DIL KG,00001,PADRAO,,,
003,GRANDE BH,01/09/2026 00:00:00,30/09/2026 00:00:00,000000999997,HORTIFRUTI,_27540906000155,HORTIFRUTI SANTA LUZIA LTDA,_1010300109001,ERVA DOCE KG,00001,PADRAO,,,
003,GRANDE BH,01/09/2026 00:00:00,30/09/2026 00:00:00,000000999997,HORTIFRUTI,_27540906000155,HORTIFRUTI SANTA LUZIA LTDA,_1010300109002,ERVA DOCE 250GR PT,00001,PADRAO,,,
003,GRANDE BH,01/09/2026 00:00:00,30/09/2026 00:00:00,000000999997,HORTIFRUTI,_27540906000155,HORTIFRUTI SANTA LUZIA LTDA,_1010300109501,ESCAROLA KG,00001,PADRAO,,,
003,GRANDE BH,01/09/2026 00:00:00,30/09/2026 00:00:00,000000999997,HORTIFRUTI,_27540906000155,HORTIFRUTI SANTA LUZIA LTDA,_1010300110001,ESPINAFRE KG,00001,PADRAO,,"18,9",
003,GRANDE BH,01/09/2026 00:00:00,30/09/2026 00:00:00,000000999997,HORTIFRUTI,_27540906000155,HORTIFRUTI SANTA LUZIA LTDA,_1010300110501,HORTELA KG,00001,PADRAO,,"2,5",
003,GRANDE BH,01/09/2026 00:00:00,30/09/2026 00:00:00,000000999997,HORTIFRUTI,_27540906000155,HORTIFRUTI SANTA LUZIA LTDA,_1010300110502,HORTELA 200GR MC,00001,PADRAO,,"2,5",
003,GRANDE BH,01/09/2026 00:00:00,30/09/2026 00:00:00,000000999997,HORTIFRUTI,_27540906000155,HORTIFRUTI SANTA LUZIA LTDA,_1010300111001,HORTELA UN,00001,PADRAO,,"2,5",
003,GRANDE BH,01/09/2026 00:00:00,30/09/2026 00:00:00,000000999997,HORTIFRUTI,_27540906000155,HORTIFRUTI SANTA LUZIA LTDA,_1010300111501,JAMBU 300GR UN,00001,PADRAO,,,
003,GRANDE BH,01/09/2026 00:00:00,30/09/2026 00:00:00,000000999997,HORTIFRUTI,_27540906000155,HORTIFRUTI SANTA LUZIA LTDA,_1010300112001,LOURO KG,00001,PADRAO,,,
003,GRANDE BH,01/09/2026 00:00:00,30/09/2026 00:00:00,000000999997,HORTIFRUTI,_27540906000155,HORTIFRUTI SANTA LUZIA LTDA,_1010300112501,MACUMBA 7 ERVAS KG,00001,PADRAO,,,
003,GRANDE BH,01/09/2026 00:00:00,30/09/2026 00:00:00,000000999997,HORTIFRUTI,_27540906000155,HORTIFRUTI SANTA LUZIA LTDA,_1010300112901,MANIVA EM FOLHA KG,00001,PADRAO,,,
003,GRANDE BH,01/09/2026 00:00:00,30/09/2026 00:00:00,000000999997,HORTIFRUTI,_27540906000155,HORTIFRUTI SANTA LUZIA LTDA,_1010300113001,MANJERICAO 300GR UN,00001,PADRAO,,"2,5",
003,GRANDE BH,01/09/2026 00:00:00,30/09/2026 00:00:00,000000999997,HORTIFRUTI,_27540906000155,HORTIFRUTI SANTA LUZIA LTDA,_1010300113101,MANJERICAO KG,00001,PADRAO,,"24,9",
003,GRANDE BH,01/09/2026 00:00:00,30/09/2026 00:00:00,000000999997,HORTIFRUTI,_27540906000155,HORTIFRUTI SANTA LUZIA LTDA,_1010300113501,MOSTARDA KG,00001,PADRAO,,"12,99",
003,GRANDE BH,01/09/2026 00:00:00,30/09/2026 00:00:00,000000999997,HORTIFRUTI,_27540906000155,HORTIFRUTI SANTA LUZIA LTDA,_1010300113502,MOSTARDA 500GR MC,00001,PADRAO,,"3,5",
003,GRANDE BH,01/09/2026 00:00:00,30/09/2026 00:00:00,000000999997,HORTIFRUTI,_27540906000155,HORTIFRUTI SANTA LUZIA LTDA,_1010300114001,REPOLHO ROXO KG,00001,PADRAO,,"6,99",
003,GRANDE BH,01/09/2026 00:00:00,30/09/2026 00:00:00,000000999997,HORTIFRUTI,_27540906000155,HORTIFRUTI SANTA LUZIA LTDA,_1010300114501,REPOLHO VERDE KG,00001,PADRAO,,"4,99",
003,GRANDE BH,01/09/2026 00:00:00,30/09/2026 00:00:00,000000999997,HORTIFRUTI,_27540906000155,HORTIFRUTI SANTA LUZIA LTDA,_1010300115001,RUCULA KG,00001,PADRAO,,"18,99",
003,GRANDE BH,01/09/2026 00:00:00,30/09/2026 00:00:00,000000999997,HORTIFRUTI,_27540906000155,HORTIFRUTI SANTA LUZIA LTDA,_1010300115501,SALSA KG,00001,PADRAO,,"24,99",
003,GRANDE BH,01/09/2026 00:00:00,30/09/2026 00:00:00,000000999997,HORTIFRUTI,_27540906000155,HORTIFRUTI SANTA LUZIA LTDA,_1010300115502,SALSA 100GR MC,00001,PADRAO,,"2,49",
003,GRANDE BH,01/09/2026 00:00:00,30/09/2026 00:00:00,000000999997,HORTIFRUTI,_27540906000155,HORTIFRUTI SANTA LUZIA LTDA,_1010300116001,SALSAO KG,00001,PADRAO,,"12,99",
003,GRANDE BH,01/09/2026 00:00:00,30/09/2026 00:00:00,000000999997,HORTIFRUTI,_27540906000155,HORTIFRUTI SANTA LUZIA LTDA,_1010300116501,SALVIA KG,00001,PADRAO,,,
003,GRANDE BH,01/09/2026 00:00:00,30/09/2026 00:00:00,000000999997,HORTIFRUTI,_27540906000155,HORTIFRUTI SANTA LUZIA LTDA,_1010300116502,SALVIA 100GR MC,00001,PADRAO,,,
003,GRANDE BH,01/09/2026 00:00:00,30/09/2026 00:00:00,000000999997,HORTIFRUTI,_27540906000155,HORTIFRUTI SANTA LUZIA LTDA,_1010300117001,TOMILHO KG,00001,PADRAO,,,
003,GRANDE BH,01/09/2026 00:00:00,30/09/2026 00:00:00,000000999997,HORTIFRUTI,_27540906000155,HORTIFRUTI SANTA LUZIA LTDA,_1010300117002,TOMILHO 100GR MC,00001,PADRAO,,,
003,GRANDE BH,01/09/2026 00:00:00,30/09/2026 00:00:00,000000999997,HORTIFRUTI,_27540906000155,HORTIFRUTI SANTA LUZIA LTDA,_1010300200001,ABOBORA KABOTIA/JAPONESA KG,00001,PADRAO,,,
003,GRANDE BH,01/09/2026 00:00:00,30/09/2026 00:00:00,000000999997,HORTIFRUTI,_27540906000155,HORTIFRUTI SANTA LUZIA LTDA,_1010300200501,ABOBORA MORANGA KG,00001,PADRAO,,"3,99",
003,GRANDE BH,01/09/2026 00:00:00,30/09/2026 00:00:00,000000999997,HORTIFRUTI,_27540906000155,HORTIFRUTI SANTA LUZIA LTDA,_1010300201001,ABOBORA PAULISTA KG,00001,PADRAO,,,
003,GRANDE BH,01/09/2026 00:00:00,30/09/2026 00:00:00,000000999997,HORTIFRUTI,_27540906000155,HORTIFRUTI SANTA LUZIA LTDA,_1010300201501,ABOBORA SECA/ PESCOCO KG,00001,PADRAO,,,
003,GRANDE BH,01/09/2026 00:00:00,30/09/2026 00:00:00,000000999997,HORTIFRUTI,_27540906000155,HORTIFRUTI SANTA LUZIA LTDA,_1010300202001,ABOBRINHA BRASILEIRA KG,00001,PADRAO,,,
003,GRANDE BH,01/09/2026 00:00:00,30/09/2026 00:00:00,000000999997,HORTIFRUTI,_27540906000155,HORTIFRUTI SANTA LUZIA LTDA,_1010300202501,ABOBRINHA ITALIANA KG,00001,PADRAO,,"3,99",
003,GRANDE BH,01/09/2026 00:00:00,30/09/2026 00:00:00,000000999997,HORTIFRUTI,_27540906000155,HORTIFRUTI SANTA LUZIA LTDA,_1010300203001,ALHO C/CASCA NACIONAL KG,00001,PADRAO,,25,
003,GRANDE BH,01/09/2026 00:00:00,30/09/2026 00:00:00,000000999997,HORTIFRUTI,_27540906000155,HORTIFRUTI SANTA LUZIA LTDA,_1010300203501,ALHO DESCASCADO NACIONAL KG,00001,PADRAO,,25,
003,GRANDE BH,01/09/2026 00:00:00,30/09/2026 00:00:00,000000999997,HORTIFRUTI,_27540906000155,HORTIFRUTI SANTA LUZIA LTDA,_1010300203701,ASPARGO IN NATURA KG,00001,PADRAO,,,
003,GRANDE BH,01/09/2026 00:00:00,30/09/2026 00:00:00,000000999997,HORTIFRUTI,_27540906000155,HORTIFRUTI SANTA LUZIA LTDA,_1010300204001,BATATA BOLINHA KG,00001,PADRAO,,"4,99",
003,GRANDE BH,01/09/2026 00:00:00,30/09/2026 00:00:00,000000999997,HORTIFRUTI,_27540906000155,HORTIFRUTI SANTA LUZIA LTDA,_1010300204501,BATATA DOCE KG,00001,PADRAO,,"3,99",
003,GRANDE BH,01/09/2026 00:00:00,30/09/2026 00:00:00,000000999997,HORTIFRUTI,_27540906000155,HORTIFRUTI SANTA LUZIA LTDA,_1010300205001,BATATA FLORAO KG,00001,PADRAO,,"5,99",
003,GRANDE BH,01/09/2026 00:00:00,30/09/2026 00:00:00,000000999997,HORTIFRUTI,_27540906000155,HORTIFRUTI SANTA LUZIA LTDA,_1010300205501,BATATA LAVADA GRAUDA KG,00001,PADRAO,,"5,99",
003,GRANDE BH,01/09/2026 00:00:00,30/09/2026 00:00:00,000000999997,HORTIFRUTI,_27540906000155,HORTIFRUTI SANTA LUZIA LTDA,_1010300206001,BATATA LAVADA/MONALISA MEDIA KG,00001,PADRAO,,"5,99",
003,GRANDE BH,01/09/2026 00:00:00,30/09/2026 00:00:00,000000999997,HORTIFRUTI,_27540906000155,HORTIFRUTI SANTA LUZIA LTDA,_1010300206002,BATATA LAVADA/MONALISA MEDIA F=25KG CX,00001,PADRAO,,"5,99",
003,GRANDE BH,01/09/2026 00:00:00,30/09/2026 00:00:00,000000999997,HORTIFRUTI,_27540906000155,HORTIFRUTI SANTA LUZIA LTDA,_1010300206501,BERINJELA KG,00001,PADRAO,,"7,99",
003,GRANDE BH,01/09/2026 00:00:00,30/09/2026 00:00:00,000000999997,HORTIFRUTI,_27540906000155,HORTIFRUTI SANTA LUZIA LTDA,_1010300207001,BETERRABA KG,00001,PADRAO,,"5,99",
003,GRANDE BH,01/09/2026 00:00:00,30/09/2026 00:00:00,000000999997,HORTIFRUTI,_27540906000155,HORTIFRUTI SANTA LUZIA LTDA,_1010300207101,BROCOLIS KG,00001,PADRAO,,"21,9",
003,GRANDE BH,01/09/2026 00:00:00,30/09/2026 00:00:00,000000999997,HORTIFRUTI,_27540906000155,HORTIFRUTI SANTA LUZIA LTDA,_1010300207501,CARA KG,00001,PADRAO,,"5,99",
003,GRANDE BH,01/09/2026 00:00:00,30/09/2026 00:00:00,000000999997,HORTIFRUTI,_27540906000155,HORTIFRUTI SANTA LUZIA LTDA,_1010300208001,CEBOLA KG,00001,PADRAO,,"7,99",
003,GRANDE BH,01/09/2026 00:00:00,30/09/2026 00:00:00,000000999997,HORTIFRUTI,_27540906000155,HORTIFRUTI SANTA LUZIA LTDA,_1010300208501,CEBOLA PIRULITO KG,00001,PADRAO,,"7,99",
003,GRANDE BH,01/09/2026 00:00:00,30/09/2026 00:00:00,000000999997,HORTIFRUTI,_27540906000155,HORTIFRUTI SANTA LUZIA LTDA,_1010300209001,CEBOLA ROXA KG,00001,PADRAO,,"10,99",
003,GRANDE BH,01/09/2026 00:00:00,30/09/2026 00:00:00,000000999997,HORTIFRUTI,_27540906000155,HORTIFRUTI SANTA LUZIA LTDA,_1010300209501,CENOURA TOCO KG,00001,PADRAO,,"4,99",
003,GRANDE BH,01/09/2026 00:00:00,30/09/2026 00:00:00,000000999997,HORTIFRUTI,_27540906000155,HORTIFRUTI SANTA LUZIA LTDA,_1010300210001,CENOURA 1A KG,00001,PADRAO,,"4,99",
003,GRANDE BH,01/09/2026 00:00:00,30/09/2026 00:00:00,000000999997,HORTIFRUTI,_27540906000155,HORTIFRUTI SANTA LUZIA LTDA,_1010300210002,CENOURA 1A F=20KG CX,00001,PADRAO,,"4,99",
003,GRANDE BH,01/09/2026 00:00:00,30/09/2026 00:00:00,000000999997,HORTIFRUTI,_27540906000155,HORTIFRUTI SANTA LUZIA LTDA,_1010300210201,CENOURA BABY KG,00001,PADRAO,,"4,99",
003,GRANDE BH,01/09/2026 00:00:00,30/09/2026 00:00:00,000000999997,HORTIFRUTI,_27540906000155,HORTIFRUTI SANTA LUZIA LTDA,_1010300210501,CHUCHU KG,00001,PADRAO,,"4,99",
003,GRANDE BH,01/09/2026 00:00:00,30/09/2026 00:00:00,000000999997,HORTIFRUTI,_27540906000155,HORTIFRUTI SANTA LUZIA LTDA,_1010300211001,COUVE FLOR KG,00001,PADRAO,,"10,99",
003,GRANDE BH,01/09/2026 00:00:00,30/09/2026 00:00:00,000000999997,HORTIFRUTI,_27540906000155,HORTIFRUTI SANTA LUZIA LTDA,_1010300211101,COUVE FLOR UN,00001,PADRAO,,"10,99",
003,GRANDE BH,01/09/2026 00:00:00,30/09/2026 00:00:00,000000999997,HORTIFRUTI,_27540906000155,HORTIFRUTI SANTA LUZIA LTDA,_1010300211301,COGUMELO SHITAKE KG,00001,PADRAO,,,
003,GRANDE BH,01/09/2026 00:00:00,30/09/2026 00:00:00,000000999997,HORTIFRUTI,_27540906000155,HORTIFRUTI SANTA LUZIA LTDA,_1010300211501,GENGIBRE KG,00001,PADRAO,,"21,99",
003,GRANDE BH,01/09/2026 00:00:00,30/09/2026 00:00:00,000000999997,HORTIFRUTI,_27540906000155,HORTIFRUTI SANTA LUZIA LTDA,_1010300212001,INHAME KG,00001,PADRAO,,"5,99",
003,GRANDE BH,01/09/2026 00:00:00,30/09/2026 00:00:00,000000999997,HORTIFRUTI,_27540906000155,HORTIFRUTI SANTA LUZIA LTDA,_1010300212501,JILO KG,00001,PADRAO,,"12,99",
003,GRANDE BH,01/09/2026 00:00:00,30/09/2026 00:00:00,000000999997,HORTIFRUTI,_27540906000155,HORTIFRUTI SANTA LUZIA LTDA,_1010300213001,MANDIOCA C/CASCA KG,00001,PADRAO,,"5,5",
003,GRANDE BH,01/09/2026 00:00:00,30/09/2026 00:00:00,000000999997,HORTIFRUTI,_27540906000155,HORTIFRUTI SANTA LUZIA LTDA,_1010300213501,MANDIOCA S/CASCA KG,00001,PADRAO,,"10,9",
003,GRANDE BH,01/09/2026 00:00:00,30/09/2026 00:00:00,000000999997,HORTIFRUTI,_27540906000155,HORTIFRUTI SANTA LUZIA LTDA,_1010300214001,MANDIOQUINHA KG,00001,PADRAO,,"12,99",
003,GRANDE BH,01/09/2026 00:00:00,30/09/2026 00:00:00,000000999997,HORTIFRUTI,_27540906000155,HORTIFRUTI SANTA LUZIA LTDA,_1010300214101,MAXIXE KG,00001,PADRAO,,"10,99",
003,GRANDE BH,01/09/2026 00:00:00,30/09/2026 00:00:00,000000999997,HORTIFRUTI,_27540906000155,HORTIFRUTI SANTA LUZIA LTDA,_1010300214501,MILHO VERDE ESPIGA LIMPO KG,00001,PADRAO,,"10,99",
003,GRANDE BH,01/09/2026 00:00:00,30/09/2026 00:00:00,000000999997,HORTIFRUTI,_27540906000155,HORTIFRUTI SANTA LUZIA LTDA,_1010300214601,MILHO VERDE ESPIGA LIMPO UN,00001,PADRAO,,"2,5",
003,GRANDE BH,01/09/2026 00:00:00,30/09/2026 00:00:00,000000999997,HORTIFRUTI,_27540906000155,HORTIFRUTI SANTA LUZIA LTDA,_1010300215001,MOYASHI (BROTO DE FEIJAO) KG,00001,PADRAO,,,
003,GRANDE BH,01/09/2026 00:00:00,30/09/2026 00:00:00,000000999997,HORTIFRUTI,_27540906000155,HORTIFRUTI SANTA LUZIA LTDA,_1010300215501,NABO KG,00001,PADRAO,,"22,9",
003,GRANDE BH,01/09/2026 00:00:00,30/09/2026 00:00:00,000000999997,HORTIFRUTI,_27540906000155,HORTIFRUTI SANTA LUZIA LTDA,_1010300215801,PALMITO PUPUNHA KG,00001,PADRAO,,,
003,GRANDE BH,01/09/2026 00:00:00,30/09/2026 00:00:00,000000999997,HORTIFRUTI,_27540906000155,HORTIFRUTI SANTA LUZIA LTDA,_1010300216001,PEPINO KG,00001,PADRAO,,"5,99",
003,GRANDE BH,01/09/2026 00:00:00,30/09/2026 00:00:00,000000999997,HORTIFRUTI,_27540906000155,HORTIFRUTI SANTA LUZIA LTDA,_1010300216501,PEPINO ORGANICO KG,00001,PADRAO,,"5,99",
003,GRANDE BH,01/09/2026 00:00:00,30/09/2026 00:00:00,000000999997,HORTIFRUTI,_27540906000155,HORTIFRUTI SANTA LUZIA LTDA,_1010300217001,PEPINO JAPONES KG,00001,PADRAO,,"18,99",
003,GRANDE BH,01/09/2026 00:00:00,30/09/2026 00:00:00,000000999997,HORTIFRUTI,_27540906000155,HORTIFRUTI SANTA LUZIA LTDA,_1010300217501,PIMENTINHA VERDE KG,00001,PADRAO,,,
003,GRANDE BH,01/09/2026 00:00:00,30/09/2026 00:00:00,000000999997,HORTIFRUTI,_27540906000155,HORTIFRUTI SANTA LUZIA LTDA,_1010300218001,PIMENTA DEDO DE MOCA KG,00001,PADRAO,,30,
003,GRANDE BH,01/09/2026 00:00:00,30/09/2026 00:00:00,000000999997,HORTIFRUTI,_27540906000155,HORTIFRUTI SANTA LUZIA LTDA,_1010300218501,PIMENTAO AMARELO KG,00001,PADRAO,,"28,9",
003,GRANDE BH,01/09/2026 00:00:00,30/09/2026 00:00:00,000000999997,HORTIFRUTI,_27540906000155,HORTIFRUTI SANTA LUZIA LTDA,_1010300219001,PIMENTAO VERDE KG,00001,PADRAO,,"9,99",
003,GRANDE BH,01/09/2026 00:00:00,30/09/2026 00:00:00,000000999997,HORTIFRUTI,_27540906000155,HORTIFRUTI SANTA LUZIA LTDA,_1010300219501,PIMENTAO VERMELHO KG,00001,PADRAO,,"28,9",
003,GRANDE BH,01/09/2026 00:00:00,30/09/2026 00:00:00,000000999997,HORTIFRUTI,_27540906000155,HORTIFRUTI SANTA LUZIA LTDA,_1010300219601,PINHAO KG,00001,PADRAO,,,
003,GRANDE BH,01/09/2026 00:00:00,30/09/2026 00:00:00,000000999997,HORTIFRUTI,_27540906000155,HORTIFRUTI SANTA LUZIA LTDA,_1010300220001,QUIABO KG,00001,PADRAO,,"28,9",
003,GRANDE BH,01/09/2026 00:00:00,30/09/2026 00:00:00,000000999997,HORTIFRUTI,_27540906000155,HORTIFRUTI SANTA LUZIA LTDA,_1010300220501,RABANETE KG,00001,PADRAO,,"15,99",
003,GRANDE BH,01/09/2026 00:00:00,30/09/2026 00:00:00,000000999997,HORTIFRUTI,_27540906000155,HORTIFRUTI SANTA LUZIA LTDA,_1010300221001,TOMATE CEREJA KG,00001,PADRAO,,21,
003,GRANDE BH,01/09/2026 00:00:00,30/09/2026 00:00:00,000000999997,HORTIFRUTI,_27540906000155,HORTIFRUTI SANTA LUZIA LTDA,_1010300221501,TOMATE MOLHO KG,00001,PADRAO,,"5,99",
003,GRANDE BH,01/09/2026 00:00:00,30/09/2026 00:00:00,000000999997,HORTIFRUTI,_27540906000155,HORTIFRUTI SANTA LUZIA LTDA,_1010300222001,TOMATE CARMEM KG,00001,PADRAO,,,
003,GRANDE BH,01/09/2026 00:00:00,30/09/2026 00:00:00,000000999997,HORTIFRUTI,_27540906000155,HORTIFRUTI SANTA LUZIA LTDA,_1010300222501,TOMATE SALADA KG,00001,PADRAO,,"5,99",
003,GRANDE BH,01/09/2026 00:00:00,30/09/2026 00:00:00,000000999997,HORTIFRUTI,_27540906000155,HORTIFRUTI SANTA LUZIA LTDA,_1010300223001,VAGEM MACARRAO KG,00001,PADRAO,,"15,99",
003,GRANDE BH,01/09/2026 00:00:00,30/09/2026 00:00:00,000000999997,HORTIFRUTI,_27540906000155,HORTIFRUTI SANTA LUZIA LTDA,_1010300300001,ABACATE KG,00001,PADRAO,,"8,99",
003,GRANDE BH,01/09/2026 00:00:00,30/09/2026 00:00:00,000000999997,HORTIFRUTI,_27540906000155,HORTIFRUTI SANTA LUZIA LTDA,_1010300300501,ABACAXI KG,00001,PADRAO,,"10,9",
003,GRANDE BH,01/09/2026 00:00:00,30/09/2026 00:00:00,000000999997,HORTIFRUTI,_27540906000155,HORTIFRUTI SANTA LUZIA LTDA,_1010300301001,ABACAXI UN,00001,PADRAO,,"10,99",
003,GRANDE BH,01/09/2026 00:00:00,30/09/2026 00:00:00,000000999997,HORTIFRUTI,_27540906000155,HORTIFRUTI SANTA LUZIA LTDA,_1010300301301,ACEROLA KG,00001,PADRAO,,,
003,GRANDE BH,01/09/2026 00:00:00,30/09/2026 00:00:00,000000999997,HORTIFRUTI,_27540906000155,HORTIFRUTI SANTA LUZIA LTDA,_1010300301501,AMEIXA MED 50GR UN,00001,PADRAO,,"3,99",
003,GRANDE BH,01/09/2026 00:00:00,30/09/2026 00:00:00,000000999997,HORTIFRUTI,_27540906000155,HORTIFRUTI SANTA LUZIA LTDA,_1010300302001,AMEIXA KG,00001,PADRAO,,"22,99",
003,GRANDE BH,01/09/2026 00:00:00,30/09/2026 00:00:00,000000999997,HORTIFRUTI,_27540906000155,HORTIFRUTI SANTA LUZIA LTDA,_1010300302501,BANANA DA TERRA 250GR UN,00001,PADRAO,,"0,5",
003,GRANDE BH,01/09/2026 00:00:00,30/09/2026 00:00:00,000000999997,HORTIFRUTI,_27540906000155,HORTIFRUTI SANTA LUZIA LTDA,_1010300303001,BANANA NANICA 140GR UN,00001,PADRAO,,"0,5",
003,GRANDE BH,01/09/2026 00:00:00,30/09/2026 00:00:00,000000999997,HORTIFRUTI,_27540906000155,HORTIFRUTI SANTA LUZIA LTDA,_1010300303501,BANANA NANICA KG,00001,PADRAO,,"2,99",
003,GRANDE BH,01/09/2026 00:00:00,30/09/2026 00:00:00,000000999997,HORTIFRUTI,_27540906000155,HORTIFRUTI SANTA LUZIA LTDA,_1010300304001,BANANA PRATA 200GR UN,00001,PADRAO,,1,
003,GRANDE BH,01/09/2026 00:00:00,30/09/2026 00:00:00,000000999997,HORTIFRUTI,_27540906000155,HORTIFRUTI SANTA LUZIA LTDA,_1010300304101,CARAMBOLA UN,00001,PADRAO,,2,
003,GRANDE BH,01/09/2026 00:00:00,30/09/2026 00:00:00,000000999997,HORTIFRUTI,_27540906000155,HORTIFRUTI SANTA LUZIA LTDA,_1010300304201,CAQUI UN,00001,PADRAO,,,
003,GRANDE BH,01/09/2026 00:00:00,30/09/2026 00:00:00,000000999997,HORTIFRUTI,_27540906000155,HORTIFRUTI SANTA LUZIA LTDA,_1010300304501,GOIABA VERMELHA 170GR UN,00001,PADRAO,,3,
003,GRANDE BH,01/09/2026 00:00:00,30/09/2026 00:00:00,000000999997,HORTIFRUTI,_27540906000155,HORTIFRUTI SANTA LUZIA LTDA,_1010300305001,KIWI 80GR UN,00001,PADRAO,,"3,5",
003,GRANDE BH,01/09/2026 00:00:00,30/09/2026 00:00:00,000000999997,HORTIFRUTI,_27540906000155,HORTIFRUTI SANTA LUZIA LTDA,_1010300305501,KIWI KG,00001,PADRAO,,"38,99",
003,GRANDE BH,01/09/2026 00:00:00,30/09/2026 00:00:00,000000999997,HORTIFRUTI,_27540906000155,HORTIFRUTI SANTA LUZIA LTDA,_1010300306001,LARANJA PERA T14 MED 130GR UN,00001,PADRAO,,"1,2",
003,GRANDE BH,01/09/2026 00:00:00,30/09/2026 00:00:00,000000999997,HORTIFRUTI,_27540906000155,HORTIFRUTI SANTA LUZIA LTDA,_1010300306101,LARANJA PERA KG,00001,PADRAO,,"3,99",
003,GRANDE BH,01/09/2026 00:00:00,30/09/2026 00:00:00,000000999997,HORTIFRUTI,_27540906000155,HORTIFRUTI SANTA LUZIA LTDA,_1010300306501,LARANJA LIMA 120GR UN,00001,PADRAO,,2,
003,GRANDE BH,01/09/2026 00:00:00,30/09/2026 00:00:00,000000999997,HORTIFRUTI,_27540906000155,HORTIFRUTI SANTA LUZIA LTDA,_1010300306601,LARANJA LIMA KG,00001,PADRAO,,"4,99",
003,GRANDE BH,01/09/2026 00:00:00,30/09/2026 00:00:00,000000999997,HORTIFRUTI,_27540906000155,HORTIFRUTI SANTA LUZIA LTDA,_1010300307001,LIMAO KG,00001,PADRAO,,"4,99",
003,GRANDE BH,01/09/2026 00:00:00,30/09/2026 00:00:00,000000999997,HORTIFRUTI,_27540906000155,HORTIFRUTI SANTA LUZIA LTDA,_1010300307501,LIMAO 38GR UN,00001,PADRAO,,"0,4",
003,GRANDE BH,01/09/2026 00:00:00,30/09/2026 00:00:00,000000999997,HORTIFRUTI,_27540906000155,HORTIFRUTI SANTA LUZIA LTDA,_1010300308001,LIMAO SICILIANO KG,00001,PADRAO,,"21,99",
003,GRANDE BH,01/09/2026 00:00:00,30/09/2026 00:00:00,000000999997,HORTIFRUTI,_27540906000155,HORTIFRUTI SANTA LUZIA LTDA,_1010300308501,MACA ARGENTINA KG,00001,PADRAO,,"24,9",
003,GRANDE BH,01/09/2026 00:00:00,30/09/2026 00:00:00,000000999997,HORTIFRUTI,_27540906000155,HORTIFRUTI SANTA LUZIA LTDA,_1010300309001,MACA FUJI T150GR UN,00001,PADRAO,,"1,5",
003,GRANDE BH,01/09/2026 00:00:00,30/09/2026 00:00:00,000000999997,HORTIFRUTI,_27540906000155,HORTIFRUTI SANTA LUZIA LTDA,_1010300309501,MACA VERDE KG,00001,PADRAO,,"24,9",
003,GRANDE BH,01/09/2026 00:00:00,30/09/2026 00:00:00,000000999997,HORTIFRUTI,_27540906000155,HORTIFRUTI SANTA LUZIA LTDA,_1010300310001,MACA GALA KG,00001,PADRAO,,"9,99",
003,GRANDE BH,01/09/2026 00:00:00,30/09/2026 00:00:00,000000999997,HORTIFRUTI,_27540906000155,HORTIFRUTI SANTA LUZIA LTDA,_1010300310501,MACA GALA T150 UN,00001,PADRAO,,1,
003,GRANDE BH,01/09/2026 00:00:00,30/09/2026 00:00:00,000000999997,HORTIFRUTI,_27540906000155,HORTIFRUTI SANTA LUZIA LTDA,_10103003106,MACA GALA SELECIONADA E PADRONIZADA,00001,PADRAO,,,
003,GRANDE BH,01/09/2026 00:00:00,30/09/2026 00:00:00,000000999997,HORTIFRUTI,_27540906000155,HORTIFRUTI SANTA LUZIA LTDA,_1010300310601,MACA GALA SELECIONADA E PADRONIZADA UN,00001,PADRAO,,,
003,GRANDE BH,01/09/2026 00:00:00,30/09/2026 00:00:00,000000999997,HORTIFRUTI,_27540906000155,HORTIFRUTI SANTA LUZIA LTDA,_1010300311001,MACA T180 UN,00001,PADRAO,,,
003,GRANDE BH,01/09/2026 00:00:00,30/09/2026 00:00:00,000000999997,HORTIFRUTI,_27540906000155,HORTIFRUTI SANTA LUZIA LTDA,_1010300311501,MAMAO FORMOSA KG,00001,PADRAO,,"5,99",
003,GRANDE BH,01/09/2026 00:00:00,30/09/2026 00:00:00,000000999997,HORTIFRUTI,_27540906000155,HORTIFRUTI SANTA LUZIA LTDA,_1010300312001,MAMAO PAPAYA KG,00001,PADRAO,,"12,99",
003,GRANDE BH,01/09/2026 00:00:00,30/09/2026 00:00:00,000000999997,HORTIFRUTI,_27540906000155,HORTIFRUTI SANTA LUZIA LTDA,_1010300312501,MANGA TOMMY KG,00001,PADRAO,,"12,99",
003,GRANDE BH,01/09/2026 00:00:00,30/09/2026 00:00:00,000000999997,HORTIFRUTI,_27540906000155,HORTIFRUTI SANTA LUZIA LTDA,_1010300313001,MANGA PALMER KG,00001,PADRAO,,"12,99",
003,GRANDE BH,01/09/2026 00:00:00,30/09/2026 00:00:00,000000999997,HORTIFRUTI,_27540906000155,HORTIFRUTI SANTA LUZIA LTDA,_1010300313501,MARACUJA AZEDO KG,00001,PADRAO,,"12,99",
003,GRANDE BH,01/09/2026 00:00:00,30/09/2026 00:00:00,000000999997,HORTIFRUTI,_27540906000155,HORTIFRUTI SANTA LUZIA LTDA,_1010300314001,MELANCIA KG,00001,PADRAO,,"3,99",
003,GRANDE BH,01/09/2026 00:00:00,30/09/2026 00:00:00,000000999997,HORTIFRUTI,_27540906000155,HORTIFRUTI SANTA LUZIA LTDA,_1010300314501,MELAO KG,00001,PADRAO,,"4,99",
003,GRANDE BH,01/09/2026 00:00:00,30/09/2026 00:00:00,000000999997,HORTIFRUTI,_27540906000155,HORTIFRUTI SANTA LUZIA LTDA,_1010300315001,MEXERICA/TANGERINA PONKAN 45GR UN,00001,PADRAO,,2,
003,GRANDE BH,01/09/2026 00:00:00,30/09/2026 00:00:00,000000999997,HORTIFRUTI,_27540906000155,HORTIFRUTI SANTA LUZIA LTDA,_1010300315101,MEXERICA/TANGERINA PONKAN 45GR KG,00001,PADRAO,,"5,99",
003,GRANDE BH,01/09/2026 00:00:00,30/09/2026 00:00:00,000000999997,HORTIFRUTI,_27540906000155,HORTIFRUTI SANTA LUZIA LTDA,_1010300315501,MORANGO 300GR BJ,00001,PADRAO,,"15,99",
003,GRANDE BH,01/09/2026 00:00:00,30/09/2026 00:00:00,000000999997,HORTIFRUTI,_27540906000155,HORTIFRUTI SANTA LUZIA LTDA,_1010300315601,MORANGO KG,00001,PADRAO,,,
003,GRANDE BH,01/09/2026 00:00:00,30/09/2026 00:00:00,000000999997,HORTIFRUTI,_27540906000155,HORTIFRUTI SANTA LUZIA LTDA,_1010300315701,MORANGO ORGANICO 300GR BJ,00001,PADRAO,,,
003,GRANDE BH,01/09/2026 00:00:00,30/09/2026 00:00:00,000000999997,HORTIFRUTI,_27540906000155,HORTIFRUTI SANTA LUZIA LTDA,_1010300316001,PERA WILLIANS 230GR UN,00001,PADRAO,,"3,5",
003,GRANDE BH,01/09/2026 00:00:00,30/09/2026 00:00:00,000000999997,HORTIFRUTI,_27540906000155,HORTIFRUTI SANTA LUZIA LTDA,_1010300316101,PERA KG,00001,PADRAO,,"17,99",
003,GRANDE BH,01/09/2026 00:00:00,30/09/2026 00:00:00,000000999997,HORTIFRUTI,_27540906000155,HORTIFRUTI SANTA LUZIA LTDA,_1010300316501,PERA BABY 180GR  UN,00001,PADRAO,,"3,5",
003,GRANDE BH,01/09/2026 00:00:00,30/09/2026 00:00:00,000000999997,HORTIFRUTI,_27540906000155,HORTIFRUTI SANTA LUZIA LTDA,_1010300317001,PESSEGO 100GR UN,00001,PADRAO,,,
003,GRANDE BH,01/09/2026 00:00:00,30/09/2026 00:00:00,000000999997,HORTIFRUTI,_27540906000155,HORTIFRUTI SANTA LUZIA LTDA,_1010300317501,PITAYA MED 300GR,00001,PADRAO,,10,
003,GRANDE BH,01/09/2026 00:00:00,30/09/2026 00:00:00,000000999997,HORTIFRUTI,_27540906000155,HORTIFRUTI SANTA LUZIA LTDA,_1010300318001,UVA ITALIA KG,00001,PADRAO,,"24,99",
003,GRANDE BH,01/09/2026 00:00:00,30/09/2026 00:00:00,000000999997,HORTIFRUTI,_27540906000155,HORTIFRUTI SANTA LUZIA LTDA,_1010300318501,UVA RUBI KG,00001,PADRAO,,"24,99",
003,GRANDE BH,01/09/2026 00:00:00,30/09/2026 00:00:00,000000999997,HORTIFRUTI,_27540906000155,HORTIFRUTI SANTA LUZIA LTDA,_1010300319001,UVA VITORIA KG,00001,PADRAO,,"24,99",
003,GRANDE BH,01/09/2026 00:00:00,30/09/2026 00:00:00,000000999997,HORTIFRUTI,_27540906000155,HORTIFRUTI SANTA LUZIA LTDA,_1010300319501,UVA THOMPSON KG,00001,PADRAO,,"24,99",
003,GRANDE BH,01/09/2026 00:00:00,30/09/2026 00:00:00,000000999997,HORTIFRUTI,_27540906000155,HORTIFRUTI SANTA LUZIA LTDA,_1010300400001,OVO DE GALINHA BRANCO MEDIO UN,00001,PADRAO,,"1,1",
003,GRANDE BH,01/09/2026 00:00:00,30/09/2026 00:00:00,000000999997,HORTIFRUTI,_27540906000155,HORTIFRUTI SANTA LUZIA LTDA,_1010300400002,OVO DE GALINHA BRANCO MEDIO 12UN BJ,00001,PADRAO,,"6,9",
003,GRANDE BH,01/09/2026 00:00:00,30/09/2026 00:00:00,000000999997,HORTIFRUTI,_27540906000155,HORTIFRUTI SANTA LUZIA LTDA,_1010300400003,OVO DE GALINHA BRANCO MEDIO 30UN BJ,00001,PADRAO,,"22,9",
003,GRANDE BH,01/09/2026 00:00:00,30/09/2026 00:00:00,000000999997,HORTIFRUTI,_27540906000155,HORTIFRUTI SANTA LUZIA LTDA,_1010300400004,OVO DE GALINHA BRANCO MEDIO 30DZ (360UN) CX,00001,PADRAO,,"273,6",
003,GRANDE BH,01/09/2026 00:00:00,30/09/2026 00:00:00,000000999997,HORTIFRUTI,_27540906000155,HORTIFRUTI SANTA LUZIA LTDA,_1010300400005,OVO DE GALINHA BRANCO MEDIO 25DZ (300UN) CX,00001,PADRAO,,228,
003,GRANDE BH,01/09/2026 00:00:00,30/09/2026 00:00:00,000000999997,HORTIFRUTI,_27540906000155,HORTIFRUTI SANTA LUZIA LTDA,_1010300400006,OVO DE GALINHA BRANCO MEDIO 90UN CX,00001,PADRAO,,,
003,GRANDE BH,01/09/2026 00:00:00,30/09/2026 00:00:00,000000999997,HORTIFRUTI,_27540906000155,HORTIFRUTI SANTA LUZIA LTDA,_1010300400007,OVO DE GALINHA BRANCO MEDIO 20DZ (240UN) CX,00001,PADRAO,,,
003,GRANDE BH,01/09/2026 00:00:00,30/09/2026 00:00:00,000000999997,HORTIFRUTI,_27540906000155,HORTIFRUTI SANTA LUZIA LTDA,_1010300400501,OVO DE CODORNA UN,00001,PADRAO,,,
003,GRANDE BH,01/09/2026 00:00:00,30/09/2026 00:00:00,000000999997,HORTIFRUTI,_27540906000155,HORTIFRUTI SANTA LUZIA LTDA,_1010300400502,OVO DE CODORNA 30UN BJ,00001,PADRAO,,,
003,GRANDE BH,01/09/2026 00:00:00,30/09/2026 00:00:00,000000999997,HORTIFRUTI,_27540906000155,HORTIFRUTI SANTA LUZIA LTDA,_1010300400503,OVO DE CODORNA 360UN CX,00001,PADRAO,,,
003,GRANDE BH,01/09/2026 00:00:00,30/09/2026 00:00:00,000000999997,HORTIFRUTI,_27540906000155,HORTIFRUTI SANTA LUZIA LTDA,_1010300401001,"OVO DE CODORNA CONSERVA F=1,2KG BD",00001,PADRAO,,,
003,GRANDE BH,01/09/2026 00:00:00,30/09/2026 00:00:00,000000999997,HORTIFRUTI,_27540906000155,HORTIFRUTI SANTA LUZIA LTDA,_1010300401002,OVO DE CODORNA CONSERVA KG,00001,PADRAO,,,